"Delay","Load","Wind","Temp","Turnaround","ArrDep","WindDir","Precip","Date","SchDepTime","Terminal","Delayed","Airport"
31.3,71.3,12.6,-7,0.149508384425692,2,"E","snowice","01-Jan-21","14:10","T2","yes","Aberdeen"
0,62.6,3.2,-5.2,0.618051071746798,0,"S","none","02-Jan-21","14:10","T1","no","Aberdeen"
16.2,88.3,7.8,-7.7,0.311855409973985,2,"S","rain","03-Jan-21","06:55","T1","yes","Aberdeen"
5.3,78.6,3.7,-8.2,0.19976082261261,4,"S","snowice","04-Jan-21","06:55","T2","yes","Aberdeen"
57.4,76.9,11.4,-0.6,0.164766877919769,2,"W","snowice","05-Jan-21","14:10","T1","yes","Aberdeen"
0,81.1,5.1,-9.2,0.617641500737739,1,"S","rain","06-Jan-21","06:55","T1","no","Aberdeen"
9.1,79.7,2.1,-3.2,0.277104024299439,4,"S","snowice","07-Jan-21","20:15","T2","yes","Aberdeen"
76.9,94.1,16.3,-1.4,0.00204123701747401,5,"E","snowice","08-Jan-21","06:55","T1","yes","Aberdeen"
9.4,73.1,3.4,3.3,0.0891411759537175,3,"S","rain","09-Jan-21","14:10","T2","yes","Aberdeen"
23.5,77.2,5.8,-1.7,0.196377096434798,5,"N","snowice","10-Jan-21","20:15","T2","yes","Aberdeen"
9.3,70.4,3.8,2.8,0.621908635929754,2,"E","rain","11-Jan-21","14:10","T2","yes","Aberdeen"
0,79,17.5,-7.2,0.701791986172453,1,"S","none","12-Jan-21","06:55","T1","no","Aberdeen"
0,76.8,5.3,-8.4,0.749302415987631,2,"S","none","13-Jan-21","14:10","T1","no","Aberdeen"
31.7,72.2,9.1,7.9,0.508348151157981,0,"W","rain","14-Jan-21","14:10","T1","yes","Aberdeen"
0,65.1,2,-7.9,0.881558992154451,0,"S","none","15-Jan-21","06:55","T1","no","Aberdeen"
38.1,74.2,10,7,0.0586142522297693,4,"E","rain","16-Jan-21","20:15","T1","yes","Aberdeen"
27.3,82.5,13.4,-0.2,0.0442791859301883,6,"S","none","17-Jan-21","14:10","T2","yes","Aberdeen"
11.5,79.9,10.9,-6.4,0.668601462684471,3,"E","rain","18-Jan-21","14:10","T2","yes","Aberdeen"
0,76.2,10.2,-4.3,0.0657353988462722,4,"S","none","19-Jan-21","14:10","T1","no","Aberdeen"
5.6,81.8,8.3,-7.4,0.237163097215535,4,"S","rain","20-Jan-21","06:55","T1","yes","Aberdeen"
0,77.2,1.1,-1.5,0.258132162126012,4,"S","snowice","21-Jan-21","14:10","T1","no","Aberdeen"
9.7,85.7,8.9,-6.2,0.502934150590115,3,"S","none","22-Jan-21","14:10","T1","yes","Aberdeen"
27.4,70.7,10,3.7,0.450204739271274,5,"W","rain","23-Jan-21","20:15","T2","yes","Aberdeen"
13.1,92.8,5.6,-5.9,0.67057521650403,4,"S","none","24-Jan-21","20:15","T1","yes","Aberdeen"
0,74.2,8.7,-6.8,0.171035777631082,5,"E","snowice","25-Jan-21","14:10","T2","no","Aberdeen"
13.8,85.9,2.2,4.2,0.478423103997356,2,"S","rain","26-Jan-21","14:10","T1","yes","Aberdeen"
15.8,78.8,5.3,0.4,0.177059610486461,5,"N","snowice","27-Jan-21","14:10","T2","yes","Aberdeen"
19.4,69.7,9.5,16,0.10236375529138,1,"W","rain","28-Jan-21","06:55","T1","yes","Aberdeen"
37.3,86,7.1,4,0.244971474381727,6,"N","rain","29-Jan-21","20:15","T2","yes","Aberdeen"
8.4,83.6,4.7,-2.2,0.374536148928134,3,"S","rain","30-Jan-21","06:55","T1","yes","Aberdeen"
14.4,80.4,3.8,3,0.772954445304688,4,"S","rain","31-Jan-21","20:15","T1","yes","Aberdeen"
0,77.4,4.5,1.2,0.671897643022255,2,"N","rain","01-Feb-21","14:10","T2","no","Aberdeen"
6.8,83.5,5.3,-5.7,0.342179546482797,4,"E","snowice","02-Feb-21","06:55","T2","yes","Aberdeen"
28.2,90.8,10.6,-7.3,0.450087543893439,8,"E","rain","03-Feb-21","20:15","T2","yes","Aberdeen"
5.7,81.4,8.9,-1.9,0.487084385779078,4,"S","none","04-Feb-21","14:10","T2","yes","Aberdeen"
11.8,82.2,1.8,2.9,0.134926945659476,6,"S","rain","05-Feb-21","20:15","T1","yes","Aberdeen"
89,96.6,9.6,13.7,0.00785222284872055,6,"W","rain","06-Feb-21","14:10","T1","yes","Aberdeen"
7.2,84.2,3.5,7.6,0.161836945863646,2,"S","none","07-Feb-21","06:55","T1","yes","Aberdeen"
24.5,78.3,4.1,16.2,0.036719556117241,3,"N","rain","08-Feb-21","06:55","T1","yes","Aberdeen"
14.9,77.3,2.1,13,0.0645995902715605,3,"S","rain","09-Feb-21","06:55","T1","yes","Aberdeen"
12.2,83.2,5.4,-1.4,0.0978946672271655,6,"S","rain","10-Feb-21","14:10","T2","yes","Aberdeen"
42.4,84.4,11,4.8,0.177312513703992,5,"W","rain","11-Feb-21","14:10","T2","yes","Aberdeen"
31.6,96,9.6,7.9,0.146449704662265,3,"S","none","12-Feb-21","06:55","T1","yes","Aberdeen"
0,71.9,0.9,-3.2,0.140706730713028,4,"S","snowice","13-Feb-21","06:55","T1","no","Aberdeen"
17.9,71.2,1.1,22.4,0.0678053309857381,3,"N","rain","14-Feb-21","14:10","T2","yes","Aberdeen"
78.6,86.2,13.4,10,0.0149586883322859,9,"W","rain","15-Feb-21","20:15","T2","yes","Aberdeen"
0,81.1,3.6,-2.9,0.447822925346971,3,"S","rain","16-Feb-21","06:55","T1","no","Aberdeen"
5,67.3,2.9,12.4,0.220921348078291,3,"E","rain","17-Feb-21","14:10","T2","yes","Aberdeen"
22.2,75.7,4.4,7.7,0.461988948745769,4,"W","rain","18-Feb-21","20:15","T2","yes","Aberdeen"
19.3,88.7,5,4,0.641998213661044,5,"S","none","19-Feb-21","20:15","T2","yes","Aberdeen"
9.2,97.5,11.7,-5.8,0.013085018532176,5,"S","none","20-Feb-21","06:55","T1","yes","Aberdeen"
0,69.3,0.7,6.2,0.755846382723625,4,"S","rain","21-Feb-21","20:15","T1","no","Aberdeen"
27.1,80.7,9.1,5,0.856878190848716,2,"W","rain","22-Feb-21","20:15","T1","yes","Aberdeen"
10,80.9,2.8,0.2,0.892147291267599,3,"W","snowice","23-Feb-21","20:15","T2","yes","Aberdeen"
18.6,75.4,3.3,11.6,0.521331025590116,6,"E","rain","24-Feb-21","20:15","T2","yes","Aberdeen"
16.3,75.9,8.3,4.6,0.265301913162964,4,"W","rain","25-Feb-21","14:10","T2","yes","Aberdeen"
0,76,4.3,-0.2,0.243643301660514,6,"E","rain","26-Feb-21","14:10","T2","no","Aberdeen"
10.2,78.2,3.4,2.4,0.356494577535073,5,"E","rain","27-Feb-21","20:15","T2","yes","Aberdeen"
16.7,88,4.7,0.8,0.25426835802855,4,"E","snowice","28-Feb-21","14:10","T1","yes","Aberdeen"
10.7,92.6,4.5,-1,0.324772578923837,4,"S","none","01-Mar-21","06:55","T1","yes","Aberdeen"
6.3,74.6,6.3,0,0.837303409494009,3,"W","snowice","02-Mar-21","20:15","T2","yes","Aberdeen"
0,82.1,4,1.7,0.0943248583259979,5,"S","none","03-Mar-21","14:10","T1","no","Aberdeen"
7.9,77.8,5.6,13.4,0.180426175008955,2,"S","none","04-Mar-21","06:55","T1","yes","Aberdeen"
9.5,81.1,6.2,12.2,0.123146242008253,2,"S","none","05-Mar-21","06:55","T1","yes","Aberdeen"
0,71.6,0.4,0.6,0.703184112683969,5,"S","snowice","06-Mar-21","20:15","T2","no","Aberdeen"
5.9,81.9,3.3,3.6,0.67699580562039,2,"E","rain","07-Mar-21","14:10","T1","yes","Aberdeen"
42.6,84.1,5.9,19.9,0.0902691175263685,2,"W","rain","08-Mar-21","06:55","T1","yes","Aberdeen"
10.6,74.6,17.2,-0.6,0.608063443686493,5,"W","none","09-Mar-21","20:15","T2","yes","Aberdeen"
0,79.3,2.2,-2.1,0.944391920721444,3,"S","none","10-Mar-21","20:15","T2","no","Aberdeen"
0,83.9,1.3,-5.3,0.973005875484988,2,"S","none","11-Mar-21","14:10","T2","no","Aberdeen"
53.1,89.6,12.3,7.8,0.280698666454169,3,"W","rain","12-Mar-21","14:10","T1","yes","Aberdeen"
45.9,95,8.8,8.6,0.566736657332605,3,"W","rain","13-Mar-21","14:10","T1","yes","Aberdeen"
0,80.9,3,-5.4,0.933718454030599,2,"S","none","14-Mar-21","14:10","T1","no","Aberdeen"
0,99.7,3.5,-6.5,0.813703706950138,5,"S","none","15-Mar-21","14:10","T1","no","Aberdeen"
14.2,97.2,2.3,-3.4,0.418936371894067,6,"S","snowice","16-Mar-21","14:10","T1","yes","Aberdeen"
0,74.7,2.8,8.9,0.632694240395635,3,"S","none","17-Mar-21","20:15","T2","no","Aberdeen"
0,77.6,5.1,-0.9,0.856128919420232,4,"E","none","18-Mar-21","20:15","T2","no","Aberdeen"
28.2,90.8,8,7,0.296770660605582,5,"E","none","19-Mar-21","14:10","T2","yes","Aberdeen"
0,76.4,0.6,-5.5,0.912922097459512,1,"S","rain","20-Mar-21","06:55","T1","no","Aberdeen"
32.1,76.3,9,17.5,0.210740082455383,4,"W","rain","21-Mar-21","20:15","T2","yes","Aberdeen"
5.4,82,3.8,10.5,0.213462457976142,2,"S","none","22-Mar-21","06:55","T1","yes","Aberdeen"
23.6,86.8,7.9,11.6,0.53273668498553,4,"E","none","23-Mar-21","20:15","T2","yes","Aberdeen"
12.1,83.1,7.8,1.2,0.709963028739507,3,"W","rain","24-Mar-21","14:10","T2","yes","Aberdeen"
20.6,85.8,7,11.6,0.121002414838216,2,"E","rain","25-Mar-21","06:55","T1","yes","Aberdeen"
9.7,72.8,5.9,5.2,0.399597436786004,6,"W","rain","26-Mar-21","20:15","T2","yes","Aberdeen"
17.4,90.2,7,5.5,0.22703336900525,7,"S","none","27-Mar-21","14:10","T2","yes","Aberdeen"
5.1,79.2,7.8,7.4,0.472810004281172,3,"N","none","28-Mar-21","14:10","T2","yes","Aberdeen"
0,76.7,1.1,9.1,0.700176108931774,4,"S","rain","29-Mar-21","20:15","T2","no","Aberdeen"
22.7,98.8,7.6,1.9,0.121658332581154,6,"S","none","30-Mar-21","06:55","T1","yes","Aberdeen"
5.2,91,7.9,-0.2,0.793457490175893,3,"S","none","31-Mar-21","14:10","T2","yes","Aberdeen"
10.9,84.9,4.5,6.3,0.452732093041115,7,"S","none","01-Apr-21","20:15","T2","yes","Aberdeen"
0,77,8.2,0.6,0.589494106239076,2,"E","none","02-Apr-21","06:55","T1","no","Aberdeen"
18.2,91.4,5.9,5.3,0.317951286290605,5,"N","none","03-Apr-21","14:10","T2","yes","Aberdeen"
28.9,82.3,13.8,11.2,0.00811097166505953,6,"W","none","04-Apr-21","06:55","T2","yes","Aberdeen"
30.4,86.6,5.2,17.1,0.224215748900738,2,"W","rain","05-Apr-21","06:55","T1","yes","Aberdeen"
23.7,88.1,6.1,6.5,0.0264353004379189,7,"E","rain","06-Apr-21","14:10","T1","yes","Aberdeen"
59,93.8,4.4,13.4,0.0232556437021503,7,"W","rain","07-Apr-21","06:55","T1","yes","Aberdeen"
6.2,96.9,7.4,-5.7,0.684411870122352,7,"S","none","08-Apr-21","20:15","T2","yes","Aberdeen"
5.7,89.8,4.6,2.1,0.445601890837745,5,"S","none","09-Apr-21","14:10","T2","yes","Aberdeen"
17.9,78.5,1.6,22.4,0.912835792524397,1,"W","rain","10-Apr-21","20:15","T1","yes","Aberdeen"
0,92.1,4.2,-7,0.681537254124733,3,"S","none","11-Apr-21","06:55","T1","no","Aberdeen"
0,72.1,7.3,6.8,0.670803852864312,2,"W","none","12-Apr-21","14:10","T2","no","Aberdeen"
9.1,88.2,14.4,-2.9,0.939205700095845,3,"W","none","13-Apr-21","20:15","T1","yes","Aberdeen"
0,75.4,0.2,8.3,0.956845213900674,0,"W","rain","14-Apr-21","06:55","T1","no","Aberdeen"
0,83.7,1.5,2.2,0.576578412710122,2,"S","rain","15-Apr-21","06:55","T1","no","Aberdeen"
0,88,2.9,-3.8,0.93613369732359,4,"E","none","16-Apr-21","20:15","T2","no","Aberdeen"
0,74.7,1.6,14.2,0.352046339413895,1,"E","rain","17-Apr-21","06:55","T1","no","Aberdeen"
0,84.2,0.3,3.4,0.734508047278888,6,"N","rain","18-Apr-21","20:15","T2","no","Aberdeen"
26,90.9,12.7,10,0.0661536942895388,6,"E","none","19-Apr-21","06:55","T2","yes","Aberdeen"
0,70.7,2.7,-4.1,0.934780213384712,1,"W","snowice","20-Apr-21","06:55","T1","no","Aberdeen"
28.7,96.9,6.9,6.3,0.166962121337147,5,"E","rain","21-Apr-21","06:55","T1","yes","Aberdeen"
10.5,84.5,4.3,9.4,0.714050126763385,2,"W","rain","22-Apr-21","06:55","T2","yes","Aberdeen"
0,83.4,2.6,-2,0.966990322649282,4,"N","none","23-Apr-21","20:15","T1","no","Aberdeen"
0,87.7,1,4.3,0.0549744153589022,8,"S","rain","24-Apr-21","06:55","T2","no","Aberdeen"
28.3,88.5,3.9,13.5,0.243739769791496,6,"W","rain","25-Apr-21","20:15","T2","yes","Aberdeen"
0,88,3.9,1.2,0.957811595806916,2,"E","none","26-Apr-21","14:10","T1","no","Aberdeen"
7.4,92.6,2.5,13.4,0.541478280691348,1,"S","none","27-Apr-21","06:55","T1","yes","Aberdeen"
14.6,83,4.3,9.4,0.470775852184708,4,"W","rain","28-Apr-21","14:10","T1","yes","Aberdeen"
5.3,84.6,6.6,6.2,0.3424494328131,3,"W","none","29-Apr-21","06:55","T1","yes","Aberdeen"
28.5,96.6,5.6,7.7,0.309730106451563,5,"W","rain","30-Apr-21","06:55","T1","yes","Aberdeen"
10.1,91.5,6.6,6.9,0.832232260661681,2,"W","none","01-May-21","06:55","T1","yes","Aberdeen"
5.5,89.7,4.5,3.3,0.16957954796823,4,"N","none","02-May-21","06:55","T1","yes","Aberdeen"
0,82,1.4,7.2,0.918886052191065,3,"W","rain","03-May-21","20:15","T2","no","Aberdeen"
7.2,94.3,2.2,4,0.750458043488196,6,"S","none","04-May-21","20:15","T2","yes","Aberdeen"
5.4,86,6.4,0.3,0.691405347296585,7,"E","none","05-May-21","20:15","T2","yes","Aberdeen"
0,82.1,3.2,6.5,0.4164065804658,4,"W","rain","06-May-21","14:10","T1","no","Aberdeen"
0,86.7,2.8,11.3,0.552618389010096,3,"S","none","07-May-21","14:10","T1","no","Aberdeen"
0,83.3,0.2,11.4,0.548151511090613,6,"N","rain","08-May-21","20:15","T2","no","Aberdeen"
0,92.1,2.9,-4,0.643727508598652,4,"N","none","09-May-21","06:55","T2","no","Aberdeen"
24.6,94.5,10.1,8.9,0.390154605517465,8,"S","none","10-May-21","20:15","T2","yes","Aberdeen"
0,88.7,2.2,2.3,0.874144123680313,1,"S","none","11-May-21","06:55","T1","no","Aberdeen"
12.6,85.4,11,13.7,0.423468417926733,2,"W","none","12-May-21","06:55","T2","yes","Aberdeen"
50.4,103.6,7.3,9.2,0.111911710182538,8,"E","none","13-May-21","14:10","T2","yes","Aberdeen"
0,84.4,1.1,4.3,0.693889448357405,3,"S","none","14-May-21","14:10","T1","no","Aberdeen"
5.8,90.7,1.4,5.3,0.835584315922891,4,"W","rain","15-May-21","14:10","T1","yes","Aberdeen"
0,83,2.3,12.6,0.55199666030148,4,"N","none","16-May-21","14:10","T1","no","Aberdeen"
0,82.6,1.7,7.5,0.69324724321146,3,"W","rain","17-May-21","06:55","T1","no","Aberdeen"
12.2,90.1,12,6.1,0.196058431205256,6,"N","none","18-May-21","14:10","T1","yes","Aberdeen"
0,75.4,0.1,18.5,0.790351990061388,3,"S","none","19-May-21","20:15","T2","no","Aberdeen"
0,85.8,2.1,10.7,0.59093731990318,3,"E","none","20-May-21","06:55","T2","no","Aberdeen"
0,81.5,1.7,0.5,0.906495077707176,4,"W","rain","21-May-21","14:10","T2","no","Aberdeen"
14,85,2.4,20.2,0.2921147739853,3,"W","rain","22-May-21","06:55","T1","yes","Aberdeen"
6.3,90.2,3.4,13.4,0.531467970083361,3,"N","none","23-May-21","06:55","T2","yes","Aberdeen"
19.6,97.2,5.2,4.1,0.416243050636217,8,"E","none","24-May-21","14:10","T2","yes","Aberdeen"
11.4,92.7,10.3,6.3,0.290444139904298,6,"N","none","25-May-21","14:10","T2","yes","Aberdeen"
5.5,103.9,4.4,-4,0.951341263822132,6,"S","none","26-May-21","20:15","T2","yes","Aberdeen"
17,101.4,0.7,6.1,0.0801992460615619,8,"N","rain","27-May-21","06:55","T1","yes","Aberdeen"
5.2,87.6,4.3,9.3,0.256050569753468,4,"W","none","28-May-21","06:55","T2","yes","Aberdeen"
8.6,98.9,7.4,0.7,0.953310036582823,3,"W","none","29-May-21","14:10","T1","yes","Aberdeen"
14.2,97.3,3.6,12,0.616854306053906,5,"N","none","30-May-21","14:10","T1","yes","Aberdeen"
0,79.2,0.4,12.9,0.458672755476239,3,"S","none","31-May-21","06:55","T2","no","Aberdeen"
18.7,89.3,6.8,16.4,0.558427647412508,5,"W","none","01-Jun-21","20:15","T2","yes","Aberdeen"
0,84.2,2.6,13.6,0.521119772061576,6,"N","none","02-Jun-21","20:15","T2","no","Aberdeen"
0,86.5,0.5,18.8,0.821018471187986,3,"S","none","03-Jun-21","14:10","T2","no","Aberdeen"
0,89.1,1.5,14.5,0.369779130817222,4,"N","none","04-Jun-21","06:55","T2","no","Aberdeen"
15.9,105.1,6.9,1.5,0.160916853981496,8,"S","none","05-Jun-21","14:10","T1","yes","Aberdeen"
5.4,89.4,6.8,8.6,0.983492763886249,2,"W","none","06-Jun-21","20:15","T1","yes","Aberdeen"
33.1,96.4,5.4,11.6,0.488814685355148,6,"W","rain","07-Jun-21","14:10","T2","yes","Aberdeen"
8.9,97.7,0.8,14.7,0.423912557801681,6,"S","none","08-Jun-21","14:10","T1","yes","Aberdeen"
0,96,4.3,-1,0.121282247132367,8,"S","none","09-Jun-21","06:55","T2","no","Aberdeen"
0,89.1,1.8,19,0.216242610910656,4,"S","none","10-Jun-21","06:55","T2","no","Aberdeen"
32.6,97.2,7.6,18.2,0.271221984868061,7,"E","none","11-Jun-21","20:15","T2","yes","Aberdeen"
0,106.4,3.8,-1.1,0.950299993876903,3,"N","none","12-Jun-21","06:55","T1","no","Aberdeen"
7.7,88,1.9,11.4,0.290824488103115,5,"W","rain","13-Jun-21","06:55","T1","yes","Aberdeen"
12.1,92.8,2.2,13.7,0.276260618496391,7,"W","rain","14-Jun-21","14:10","T2","yes","Aberdeen"
0,83.9,0.5,9.2,0.982745642138059,1,"W","rain","15-Jun-21","06:55","T1","no","Aberdeen"
19.5,92.5,2.7,21.9,0.78640642661348,5,"W","none","16-Jun-21","20:15","T2","yes","Aberdeen"
0,78.7,0.4,28.4,0.226073811865083,2,"S","none","17-Jun-21","06:55","T1","no","Aberdeen"
0,94.8,0.8,6.9,0.937827516749082,4,"E","none","18-Jun-21","14:10","T1","no","Aberdeen"
0,79.1,2.5,2.5,0.942766676402517,7,"S","none","19-Jun-21","20:15","T2","no","Aberdeen"
0,87.3,0.1,1.7,0.996001706010097,4,"S","none","20-Jun-21","20:15","T2","no","Aberdeen"
20.4,106.6,7.8,10.9,0.222133575401373,8,"S","none","21-Jun-21","14:10","T2","yes","Aberdeen"
0,91.5,1.7,11.1,0.433301437225578,7,"S","none","22-Jun-21","14:10","T2","no","Aberdeen"
0,87.6,1.4,17.8,0.522869437315313,3,"W","rain","23-Jun-21","06:55","T1","no","Aberdeen"
0,94.8,1.1,10.1,0.927383441181401,5,"W","rain","24-Jun-21","20:15","T1","no","Aberdeen"
0,75.7,0.4,16.7,0.954163215110824,2,"W","none","25-Jun-21","06:55","T2","no","Aberdeen"
0,80.2,4.7,22.1,0.803030651418065,2,"W","none","26-Jun-21","14:10","T1","no","Aberdeen"
0,81,0.2,25,0.959204234175952,1,"E","none","27-Jun-21","06:55","T2","no","Aberdeen"
0,90.6,0.1,16.2,0.893658693452585,3,"S","none","28-Jun-21","06:55","T1","no","Aberdeen"
0,101.8,0.8,14.9,0.894652459879058,7,"N","none","29-Jun-21","20:15","T1","no","Aberdeen"
0,101.9,1.8,16.9,0.970905796088173,3,"N","none","30-Jun-21","14:10","T1","no","Aberdeen"
9.3,103.8,2.8,16.2,0.734389617449715,7,"W","none","01-Jul-21","14:10","T2","yes","Aberdeen"
5.6,94.5,0.1,27.7,0.492968767958104,6,"E","none","02-Jul-21","14:10","T2","yes","Aberdeen"
0,88.7,0.3,29.1,0.150048082103571,13,"W","none","03-Jul-21","20:15","T2","no","Aberdeen"
0,85.4,0.7,15.9,0.630185900728843,5,"S","none","04-Jul-21","06:55","T2","no","Aberdeen"
0,104.1,1,15.9,0.552213776089444,7,"N","none","05-Jul-21","06:55","T1","no","Aberdeen"
0,93.5,3.2,18.3,0.518515816159704,4,"W","none","06-Jul-21","06:55","T1","no","Aberdeen"
27.6,107.4,4,11,0.426648515505411,9,"W","none","07-Jul-21","14:10","T1","yes","Aberdeen"
0,86.6,1.5,11.8,0.948676474574446,3,"E","none","08-Jul-21","14:10","T1","no","Aberdeen"
11.8,99.2,1.3,16.4,0.602692320329925,7,"W","rain","09-Jul-21","06:55","T2","yes","Aberdeen"
14.6,103.9,7.8,8.6,0.338537928854159,8,"E","none","10-Jul-21","14:10","T2","yes","Aberdeen"
25.4,94.9,6,24.1,0.159311245168424,5,"W","none","11-Jul-21","06:55","T1","yes","Aberdeen"
0,93.4,2.9,18.1,0.739321037853084,3,"N","none","12-Jul-21","14:10","T1","no","Aberdeen"
0,100,0.7,2.7,0.724647131708748,5,"N","none","13-Jul-21","06:55","T2","no","Aberdeen"
26.5,99.1,10.4,6.9,0.61808629990599,7,"W","none","14-Jul-21","14:10","T2","yes","Aberdeen"
0,96.2,3.2,12.8,0.700685467677495,4,"N","none","15-Jul-21","06:55","T2","no","Aberdeen"
0,89.6,2.5,5.2,0.959983022891357,2,"N","none","16-Jul-21","06:55","T1","no","Aberdeen"
15.7,104.4,3.6,4.3,0.566797106490504,6,"W","rain","17-Jul-21","14:10","T1","yes","Aberdeen"
0,85.1,2.5,9.4,0.898664162535197,3,"S","none","18-Jul-21","14:10","T2","no","Aberdeen"
23,91.8,6.3,19.1,0.0350560495385986,8,"E","none","19-Jul-21","14:10","T2","yes","Aberdeen"
32.9,90.8,2.2,25.6,0.368052195937809,5,"W","rain","20-Jul-21","20:15","T1","yes","Aberdeen"
0,95.4,3,7.6,0.886643130026023,6,"S","none","21-Jul-21","20:15","T2","no","Aberdeen"
0,90.1,1.6,7.4,0.777013013391122,8,"E","none","22-Jul-21","20:15","T2","no","Aberdeen"
0,95.2,4,2.8,0.915225791834054,3,"S","none","23-Jul-21","06:55","T1","no","Aberdeen"
12.4,91.8,4.5,10.9,0.225571408955536,8,"E","none","24-Jul-21","20:15","T2","yes","Aberdeen"
0,84.3,0.3,12.4,0.977812750131094,6,"S","none","25-Jul-21","20:15","T2","no","Aberdeen"
39.4,95.8,4.2,22.2,0.209868596792035,5,"W","none","26-Jul-21","14:10","T1","yes","Aberdeen"
0,89.3,1.5,0,0.741441075206666,6,"N","none","27-Jul-21","14:10","T2","no","Aberdeen"
7.9,89.7,0.3,18.3,0.718791380763408,4,"E","rain","28-Jul-21","14:10","T2","yes","Aberdeen"
0,84.1,4.6,16.8,0.870893979000884,2,"W","none","29-Jul-21","14:10","T1","no","Aberdeen"
20.2,83.4,8.9,19.7,0.100916992209257,4,"W","none","30-Jul-21","06:55","T1","yes","Aberdeen"
6.3,91.2,4.7,11.5,0.412852614749539,6,"S","none","31-Jul-21","14:10","T2","yes","Aberdeen"
0,98.3,2.2,1.8,0.668323522399862,5,"S","none","01-Aug-21","06:55","T2","no","Aberdeen"
27.6,78.7,1.5,24.7,0.501940777443691,7,"W","rain","02-Aug-21","20:15","T2","yes","Aberdeen"
0,78.1,2,20.4,0.579307424643763,2,"S","none","03-Aug-21","06:55","T1","no","Aberdeen"
0,93.3,1.9,-3.4,0.8642431875643,6,"S","none","04-Aug-21","20:15","T2","no","Aberdeen"
0,99.6,0.4,5.2,0.748176978298448,5,"S","none","05-Aug-21","14:10","T1","no","Aberdeen"
10.2,99,1.8,7.5,0.44729645690442,8,"S","none","06-Aug-21","20:15","T2","yes","Aberdeen"
0,76.4,3.5,0.8,0.95820738800596,2,"W","none","07-Aug-21","06:55","T2","no","Aberdeen"
40.3,99.3,1.6,23,0.274711711336768,4,"E","rain","08-Aug-21","14:10","T1","yes","Aberdeen"
0,79.7,3.1,-0.6,0.950490393685059,3,"E","none","09-Aug-21","14:10","T2","no","Aberdeen"
6.9,82.6,6.7,7.3,0.551149305607947,5,"W","none","10-Aug-21","20:15","T1","yes","Aberdeen"
0,81.9,1.9,15,0.117667871911684,4,"S","none","11-Aug-21","06:55","T1","no","Aberdeen"
0,94.1,0.4,10.4,0.543604961553867,4,"S","none","12-Aug-21","06:55","T1","no","Aberdeen"
0,91.1,8,-2,0.842647158609105,4,"S","none","13-Aug-21","14:10","T2","no","Aberdeen"
0,78.6,3.2,17.6,0.56770669096477,4,"E","none","14-Aug-21","20:15","T2","no","Aberdeen"
0,80.3,1.9,5.3,0.828811636433248,2,"S","none","15-Aug-21","14:10","T1","no","Aberdeen"
0,90.6,1,4,0.744340315303069,2,"S","none","16-Aug-21","06:55","T1","no","Aberdeen"
48.1,94.6,6.1,20,0.115663554559617,11,"S","none","17-Aug-21","20:15","T2","yes","Aberdeen"
8.2,82.1,0.9,25.4,0.421962025949779,2,"S","none","18-Aug-21","14:10","T1","yes","Aberdeen"
5.8,86.7,1.7,16.7,0.642871080250122,3,"N","none","19-Aug-21","14:10","T2","yes","Aberdeen"
0,84.2,0.7,-2,0.870315968852978,4,"N","rain","20-Aug-21","20:15","T1","no","Aberdeen"
7.1,90.3,2.4,1.4,0.961193830046064,6,"W","rain","21-Aug-21","20:15","T2","yes","Aberdeen"
0,84.3,10.3,-0.6,0.772246787251896,5,"W","none","22-Aug-21","20:15","T1","no","Aberdeen"
0,79.7,3,3.3,0.916695929247695,1,"S","none","23-Aug-21","06:55","T1","no","Aberdeen"
14.7,97.7,12.3,-2.2,0.27884610312756,7,"E","none","24-Aug-21","14:10","T2","yes","Aberdeen"
25.5,86,8.4,15.3,0.166734628332619,4,"W","rain","25-Aug-21","06:55","T1","yes","Aberdeen"
0,87,3.4,6.4,0.709635821197737,5,"S","none","26-Aug-21","20:15","T2","no","Aberdeen"
18.5,75.1,4.6,23,0.366062285526964,2,"W","rain","27-Aug-21","14:10","T1","yes","Aberdeen"
0,91.1,2,-1.1,0.86794917756901,4,"S","none","28-Aug-21","14:10","T2","no","Aberdeen"
0,77.1,0.5,20.3,0.55666719575675,3,"E","rain","29-Aug-21","14:10","T2","no","Aberdeen"
23.4,99.2,4,8,0.4897494479342,4,"E","rain","30-Aug-21","06:55","T1","yes","Aberdeen"
33.1,87.9,5.8,17.4,0.354127483637846,5,"W","rain","31-Aug-21","20:15","T1","yes","Aberdeen"
37.8,91.7,8.9,11.1,0.320023262551841,5,"W","rain","01-Sep-21","14:10","T2","yes","Aberdeen"
0,83.2,14.3,-1.3,0.71381042289965,2,"W","none","02-Sep-21","06:55","T1","no","Aberdeen"
17.1,83.7,3.2,18.4,0.223836899463201,5,"E","none","03-Sep-21","20:15","T2","yes","Aberdeen"
0,92.7,1.5,-5.4,0.944924061946905,2,"S","none","04-Sep-21","06:55","T1","no","Aberdeen"
10.6,79.2,11.9,13.1,0.433140010503414,3,"W","none","05-Sep-21","14:10","T2","yes","Aberdeen"
48.8,87.6,8.8,19.4,0.0307167055162786,6,"W","rain","06-Sep-21","14:10","T2","yes","Aberdeen"
0,85.5,3.8,0.3,0.844848161082224,5,"E","none","07-Sep-21","20:15","T2","no","Aberdeen"
0,79.7,2.2,3.1,0.750455527170575,4,"N","none","08-Sep-21","14:10","T2","no","Aberdeen"
8.4,82.2,0.2,11.1,0.523665789343888,4,"W","rain","09-Sep-21","14:10","T1","yes","Aberdeen"
16.8,88.2,6.2,5.7,0.696492795297119,5,"W","rain","10-Sep-21","20:15","T2","yes","Aberdeen"
0,78.6,0.3,12,0.590520815190417,4,"S","rain","11-Sep-21","14:10","T1","no","Aberdeen"
0,80.7,2,8.3,0.369719675622339,3,"S","none","12-Sep-21","14:10","T1","no","Aberdeen"
29,92.4,5.4,10.3,0.0349878064763966,5,"W","rain","13-Sep-21","06:55","T1","yes","Aberdeen"
9.1,79.5,2.1,15.8,0.704089633876057,3,"W","rain","14-Sep-21","14:10","T2","yes","Aberdeen"
0,82.8,3.9,13,0.667009218920454,2,"N","none","15-Sep-21","06:55","T1","no","Aberdeen"
0,92.4,4.5,-2,0.707250970284472,4,"S","none","16-Sep-21","14:10","T1","no","Aberdeen"
5.1,82.5,1.7,8.1,0.693063704115095,5,"N","rain","17-Sep-21","20:15","T2","yes","Aberdeen"
0,83.3,2.9,-3.4,0.957218400641699,3,"E","rain","18-Sep-21","14:10","T2","no","Aberdeen"
0,76.6,3.7,9.8,0.253739667953441,4,"S","none","19-Sep-21","14:10","T1","no","Aberdeen"
12.6,90.3,5.8,0.3,0.0903192171184683,9,"S","none","20-Sep-21","14:10","T2","yes","Aberdeen"
11.5,86.3,3.5,2.4,0.326608059674691,12,"S","none","21-Sep-21","20:15","T2","yes","Aberdeen"
33.1,91,9.2,-0.9,0.488896654057858,9,"W","rain","22-Sep-21","20:15","T2","yes","Aberdeen"
16.7,89.8,12.5,1.1,0.494818174846199,5,"W","none","23-Sep-21","14:10","T2","yes","Aberdeen"
25.3,93,3.9,9.5,0.154787839006388,4,"E","rain","24-Sep-21","06:55","T1","yes","Aberdeen"
8.2,90.8,2.5,1.4,0.810754182914087,2,"W","snowice","25-Sep-21","06:55","T1","yes","Aberdeen"
0,88,2.2,-3.6,0.516953292131139,6,"S","none","26-Sep-21","14:10","T1","no","Aberdeen"
0,85.6,1.8,-3.4,0.961317916574793,5,"S","none","27-Sep-21","20:15","T2","no","Aberdeen"
0,75.1,4.7,9.3,0.763777179031077,4,"W","none","28-Sep-21","20:15","T2","no","Aberdeen"
15,81.7,2.1,18,0.520604040180031,3,"E","rain","29-Sep-21","20:15","T2","yes","Aberdeen"
0,83.1,2.9,6.6,0.959579963679602,0,"W","rain","30-Sep-21","06:55","T1","no","Aberdeen"
35.2,99.4,5.4,4.6,0.0140748997384954,8,"S","rain","01-Oct-21","06:55","T2","yes","Aberdeen"
35.7,83.5,8.7,17,0.0785648147046713,5,"W","none","02-Oct-21","14:10","T2","yes","Aberdeen"
0,86.2,4.3,0.4,0.738647177390337,4,"S","none","03-Oct-21","14:10","T1","no","Aberdeen"
0,58.6,1.9,18.6,0.453791588660968,0,"S","none","04-Oct-21","06:55","T2","no","Aberdeen"
17.4,87.8,9,7.4,0.107786353051832,3,"E","none","05-Oct-21","06:55","T1","yes","Aberdeen"
25.5,79.6,0.9,23.8,0.014660692279311,5,"N","rain","06-Oct-21","06:55","T2","yes","Aberdeen"
0,76.6,7,10,0.63456481953252,1,"N","none","07-Oct-21","14:10","T1","no","Aberdeen"
13.2,84.7,12.2,4.8,0.700846346875964,1,"W","none","08-Oct-21","06:55","T1","yes","Aberdeen"
7.7,88.2,6.6,1.2,0.80662124035624,2,"E","none","09-Oct-21","14:10","T1","yes","Aberdeen"
14.4,74.8,1.1,25,0.064939927519085,1,"E","rain","10-Oct-21","06:55","T1","yes","Aberdeen"
5.6,82.6,6.4,5.1,0.728173566509998,2,"E","none","11-Oct-21","14:10","T2","yes","Aberdeen"
0,93.2,7.7,0.1,0.910673174727955,1,"S","none","12-Oct-21","06:55","T2","no","Aberdeen"
0,77.9,4.3,-0.2,0.996078519758235,1,"W","none","13-Oct-21","20:15","T2","no","Aberdeen"
60.2,87.3,10.1,14.2,0.119622193386428,6,"W","rain","14-Oct-21","14:10","T2","yes","Aberdeen"
23.6,95.6,3.9,-3.8,0.200991673005965,9,"N","snowice","15-Oct-21","20:15","T2","yes","Aberdeen"
0,82.8,3.9,0,0.735130414525523,2,"E","rain","16-Oct-21","14:10","T1","no","Aberdeen"
0,74.7,2.6,3.6,0.475128231898156,2,"N","rain","17-Oct-21","06:55","T2","no","Aberdeen"
0,79.9,5.2,4.6,0.471972226078193,2,"N","none","18-Oct-21","06:55","T2","no","Aberdeen"
22.8,91.3,6.3,-2.8,0.534977482335233,9,"E","rain","19-Oct-21","20:15","T2","yes","Aberdeen"
15,80.4,3.9,9.4,0.507952332434001,1,"W","rain","20-Oct-21","06:55","T1","yes","Aberdeen"
0,80.8,5.3,-7.8,0.936254244016698,3,"N","none","21-Oct-21","20:15","T2","no","Aberdeen"
33.4,85.4,7.9,15,0.140286074299013,3,"E","none","22-Oct-21","14:10","T1","yes","Aberdeen"
13.4,78.3,6.9,9,0.463113265263889,1,"W","rain","23-Oct-21","06:55","T1","yes","Aberdeen"
0,83.1,2.8,-1.7,0.821225594574242,3,"N","rain","24-Oct-21","14:10","T2","no","Aberdeen"
0,75.4,4.6,2.8,0.468173519702894,3,"N","none","25-Oct-21","14:10","T1","no","Aberdeen"
0,82.4,2.4,2,0.502054008609,2,"E","snowice","26-Oct-21","06:55","T1","no","Aberdeen"
7.6,76.2,2.2,11.9,0.398287686346616,3,"E","rain","27-Oct-21","14:10","T2","yes","Aberdeen"
7.4,73.7,14.8,2,0.417806509685118,4,"W","none","28-Oct-21","14:10","T2","yes","Aberdeen"
0,76.3,1.5,7.4,0.436354835688565,5,"S","rain","29-Oct-21","20:15","T2","no","Aberdeen"
0,73,0.9,8.3,0.855235481669806,3,"S","rain","30-Oct-21","20:15","T2","no","Aberdeen"
8.5,85,0.6,11.1,0.0896288703964031,5,"S","rain","31-Oct-21","14:10","T1","yes","Aberdeen"
0,76.2,7.4,-7.4,0.670091205306887,2,"E","none","01-Nov-21","06:55","T1","no","Aberdeen"
38.2,88,7.9,1,0.794606452407254,2,"W","snowice","02-Nov-21","20:15","T1","yes","Aberdeen"
0,78.4,1.1,7.9,0.247153599192824,2,"S","rain","03-Nov-21","06:55","T1","no","Aberdeen"
6.5,92.7,8.7,-4.8,0.674722105264678,3,"S","none","04-Nov-21","06:55","T1","yes","Aberdeen"
27.7,81.7,3.7,5.8,0.131078086459597,5,"W","rain","05-Nov-21","14:10","T2","yes","Aberdeen"
21.5,87.7,12.3,-0.7,0.731716615217819,3,"W","none","06-Nov-21","14:10","T2","yes","Aberdeen"
14.6,90.2,2.4,-2.9,0.095526241482255,8,"S","snowice","07-Nov-21","14:10","T2","yes","Aberdeen"
6.7,77.9,5,5.4,0.231133595441173,1,"W","rain","08-Nov-21","06:55","T1","yes","Aberdeen"
12.2,87.1,1.6,6.8,0.0955802246319451,4,"S","rain","09-Nov-21","06:55","T1","yes","Aberdeen"
44.1,85.6,6.3,16.6,0.14270945355746,4,"E","rain","10-Nov-21","14:10","T2","yes","Aberdeen"
0,76,8.3,1.3,0.75478970430063,0,"W","rain","11-Nov-21","06:55","T1","no","Aberdeen"
0,82.1,0.8,-3.4,0.399955430963836,4,"E","snowice","12-Nov-21","06:55","T1","no","Aberdeen"
0,77.7,2.8,0.3,0.719298371719112,2,"E","snowice","13-Nov-21","14:10","T1","no","Aberdeen"
58.2,90.9,14.4,7.7,0.0314529082509362,7,"E","none","14-Nov-21","14:10","T2","yes","Aberdeen"
5.7,78.8,8.9,-3.2,0.922562474142789,3,"E","none","15-Nov-21","20:15","T2","yes","Aberdeen"
6.6,78.9,5,7.2,0.564606362629946,0,"E","rain","16-Nov-21","06:55","T1","yes","Aberdeen"
7.9,80.2,2.1,2.8,0.476302399090631,4,"S","rain","17-Nov-21","20:15","T2","yes","Aberdeen"
19.9,77.2,7.1,0.3,0.314260719509403,5,"W","snowice","18-Nov-21","20:15","T1","yes","Aberdeen"
34.9,91.2,5.3,6.9,0.0454287966271939,4,"S","rain","19-Nov-21","06:55","T1","yes","Aberdeen"
0,67.2,3.2,3.4,0.488570090732206,2,"W","rain","20-Nov-21","14:10","T1","no","Aberdeen"
16,83.6,2.9,10.8,0.0226530148629677,4,"S","rain","21-Nov-21","06:55","T2","yes","Aberdeen"
7,71.4,5.9,5.7,0.913080836581155,1,"W","rain","22-Nov-21","14:10","T2","yes","Aberdeen"
6.2,84.6,3.9,-3.1,0.582086440397284,5,"S","rain","23-Nov-21","20:15","T2","yes","Aberdeen"
30.1,87.8,3.1,5.7,0.13595339474232,5,"N","rain","24-Nov-21","14:10","T2","yes","Aberdeen"
0,84.1,9,-7.7,0.704473586385856,3,"S","none","25-Nov-21","06:55","T2","no","Aberdeen"
34.7,91.8,6.9,6.6,0.0101867403348667,5,"S","rain","26-Nov-21","06:55","T1","yes","Aberdeen"
9.4,89.4,6,-3.3,0.544375918812591,2,"S","none","27-Nov-21","06:55","T1","yes","Aberdeen"
0,74,0.2,-0.6,0.70344793504487,2,"S","snowice","28-Nov-21","14:10","T1","no","Aberdeen"
36.1,93.2,3.4,0.7,0.581943368004696,3,"W","snowice","29-Nov-21","14:10","T2","yes","Aberdeen"
13.3,88.6,4.4,-3.5,0.652863657538937,3,"N","rain","30-Nov-21","14:10","T1","yes","Aberdeen"
36.9,85.2,11.4,5.9,0.269658616770817,3,"W","rain","01-Dec-21","14:10","T2","yes","Aberdeen"
11.8,98.6,5.5,-9.2,0.306337250248364,6,"S","snowice","02-Dec-21","06:55","T1","yes","Aberdeen"
7.6,77.5,7.7,-6.4,0.591692813752977,4,"W","snowice","03-Dec-21","20:15","T1","yes","Aberdeen"
35.9,87.9,11.7,0.2,0.0640811105113189,6,"S","none","04-Dec-21","20:15","T1","yes","Aberdeen"
16.5,76.9,1.3,6.2,0.183323935081262,5,"E","rain","05-Dec-21","14:10","T2","yes","Aberdeen"
21.9,75.6,6.5,14.1,0.0359799078424324,3,"S","none","06-Dec-21","14:10","T2","yes","Aberdeen"
5.7,73.2,10.5,-3,0.451288446089326,4,"E","none","07-Dec-21","20:15","T2","yes","Aberdeen"
0,84.1,5.9,-4.6,0.310241209790233,2,"S","rain","08-Dec-21","06:55","T1","no","Aberdeen"
0,73.8,1.4,7.8,0.800535823475243,1,"S","rain","09-Dec-21","14:10","T1","no","Aberdeen"
0,76.4,1.9,-5.8,0.193069786487729,5,"S","rain","10-Dec-21","14:10","T2","no","Aberdeen"
43.5,84,8.7,3.5,0.172540868144646,5,"E","rain","11-Dec-21","20:15","T2","yes","Aberdeen"
44.4,75.1,12.5,15.6,0.0218215280300986,3,"E","none","12-Dec-21","14:10","T1","yes","Aberdeen"
7.3,80.1,9.2,-8.5,0.518899305142014,3,"W","snowice","13-Dec-21","14:10","T1","yes","Aberdeen"
0,73.7,3.8,0.6,0.0507441285297207,3,"S","rain","14-Dec-21","06:55","T2","no","Aberdeen"
11,86.1,5.3,-4.2,0.993060877222248,1,"E","rain","15-Dec-21","20:15","T2","yes","Aberdeen"
14.8,81.5,14.3,-7,0.0605238337589004,4,"E","rain","16-Dec-21","06:55","T1","yes","Aberdeen"
38.7,86.2,4.3,-1.8,0.00642662790369615,7,"N","snowice","17-Dec-21","06:55","T2","yes","Aberdeen"
0,61,5.7,-1.6,0.644788381304039,0,"S","none","18-Dec-21","06:55","T1","no","Aberdeen"
10.6,74.1,5.9,-2.3,0.195256602156533,3,"N","snowice","19-Dec-21","14:10","T1","yes","Aberdeen"
28.9,83.2,5.3,5.5,0.0580590343843152,3,"S","rain","20-Dec-21","06:55","T2","yes","Aberdeen"
30.9,69.8,7.2,15.7,0.307585026188083,1,"W","rain","21-Dec-21","14:10","T1","yes","Aberdeen"
0,78.4,3.7,-7.2,0.853812598001674,2,"E","snowice","22-Dec-21","14:10","T2","no","Aberdeen"
22.5,76.7,3.9,2.1,0.360663150411294,4,"N","rain","23-Dec-21","20:15","T2","yes","Aberdeen"
15.6,83.6,5.9,-4.6,0.163121855722827,2,"S","snowice","24-Dec-21","06:55","T1","yes","Aberdeen"
25,69,3.2,12.8,0.0185286767458715,3,"S","rain","25-Dec-21","14:10","T1","yes","Aberdeen"
37,70.3,12.7,0.3,0.0474370061157218,3,"W","snowice","26-Dec-21","14:10","T2","yes","Aberdeen"
14.4,78.8,7.2,-6.5,0.522502049071268,1,"E","snowice","27-Dec-21","06:55","T1","yes","Aberdeen"
0,73.6,4.1,-4.3,0.210175093121589,2,"S","rain","28-Dec-21","06:55","T2","no","Aberdeen"
16.2,79.7,10.5,-7.5,0.249876015116824,5,"S","rain","29-Dec-21","20:15","T2","yes","Aberdeen"
32.8,80.6,11.5,-9.2,0.290895788961695,4,"W","snowice","30-Dec-21","14:10","T2","yes","Aberdeen"
44.5,84.8,14.1,-3.2,0.00640170547659659,2,"S","rain","31-Dec-21","06:55","T1","yes","Aberdeen"
17,62.7,7.2,-4.6,0.16475954809305,1,"W","snowice","01-Jan-22","06:55","T2","yes","Aberdeen"
6.7,69.6,9.3,-8.8,0.288843016184892,1,"S","snowice","02-Jan-22","06:55","T1","yes","Aberdeen"
7.6,79.4,4.8,-8,0.651757910394489,1,"S","snowice","03-Jan-22","14:10","T1","yes","Aberdeen"
0,65.9,7.2,-8,0.575075531519293,1,"S","rain","04-Jan-22","14:10","T1","no","Aberdeen"
20.5,77.4,3.9,-3.2,0.864233242278809,2,"N","snowice","05-Jan-22","20:15","T2","yes","Aberdeen"
13.5,80.1,13.6,-8.2,0.0599083391071666,2,"N","rain","06-Jan-22","06:55","T1","yes","Aberdeen"
18.9,81.6,10.7,-5.4,0.223727066490442,2,"N","rain","07-Jan-22","06:55","T1","yes","Aberdeen"
0,78.1,6.2,-6.7,0.202284172706517,2,"S","rain","08-Jan-22","06:55","T2","no","Aberdeen"
0,62.6,2.7,-6,0.595367298964895,1,"E","snowice","09-Jan-22","14:10","T1","no","Aberdeen"
63,84.4,2.7,6.9,0.0051493940349531,6,"N","rain","10-Jan-22","14:10","T1","yes","Aberdeen"
51.9,83.4,5.3,4.6,0.255222499953976,3,"W","rain","11-Jan-22","14:10","T2","yes","Aberdeen"
65.3,81.5,7.5,11.1,0.0559474871976883,6,"E","rain","12-Jan-22","20:15","T2","yes","Aberdeen"
22.2,77.4,4.3,2.4,0.303541659890092,3,"E","rain","13-Jan-22","14:10","T1","yes","Aberdeen"
23,83.1,12.4,-1.2,0.0262375548558275,4,"S","none","14-Jan-22","06:55","T2","yes","Aberdeen"
56.9,96.3,11,-5.6,0.0281954363857165,7,"N","snowice","15-Jan-22","14:10","T1","yes","Aberdeen"
0,70.2,5.5,-4.3,0.468858849666053,1,"N","rain","16-Jan-22","06:55","T2","no","Aberdeen"
18.6,96,8.4,-7.7,0.203388373821316,7,"S","none","17-Jan-22","14:10","T2","yes","Aberdeen"
0,76.1,7.2,-8.3,0.39444625494247,3,"E","snowice","18-Jan-22","06:55","T2","no","Aberdeen"
10.3,76.2,10.9,-1.4,0.275042368887859,1,"W","rain","19-Jan-22","06:55","T1","yes","Aberdeen"
10.8,86.4,4.7,-7.3,0.338939620626619,5,"S","snowice","20-Jan-22","14:10","T2","yes","Aberdeen"
8.2,72.9,2.6,-3.7,0.276784275574343,5,"E","snowice","21-Jan-22","20:15","T2","yes","Aberdeen"
24,97.3,6.9,-8.9,0.391732027016641,5,"S","snowice","22-Jan-22","20:15","T1","yes","Aberdeen"
80.7,86.8,6.7,12.2,0.00371579145060882,10,"E","rain","23-Jan-22","20:15","T2","yes","Aberdeen"
0,75.7,2.9,-8.5,0.674014396931066,1,"S","none","24-Jan-22","06:55","T1","no","Aberdeen"
29.1,87.6,7,3.4,0.159437164135189,5,"S","none","25-Jan-22","14:10","T2","yes","Aberdeen"
20.1,84.9,3.8,-0.5,0.433624258836643,3,"E","snowice","26-Jan-22","14:10","T1","yes","Aberdeen"
0,70.6,3.4,3.9,0.56809644623523,3,"S","rain","27-Jan-22","20:15","T2","no","Aberdeen"
0,74.5,3,1.8,0.809644753399836,3,"N","rain","28-Jan-22","20:15","T2","no","Aberdeen"
13.1,71.4,8,11.9,0.218657105248102,1,"E","none","29-Jan-22","06:55","T2","yes","Aberdeen"
0,85.7,8.3,-8.1,0.272205481552427,6,"S","none","30-Jan-22","14:10","T2","no","Aberdeen"
36.3,81.9,10,6.3,0.0250597707830214,4,"E","rain","31-Jan-22","06:55","T2","yes","Aberdeen"
0,72.9,1.2,-2.8,0.831689232224986,3,"N","snowice","01-Feb-22","20:15","T2","no","Aberdeen"
79,94.4,6.7,9.8,0.103900577271629,5,"W","rain","02-Feb-22","14:10","T2","yes","Aberdeen"
46,87,7.6,11.6,0.107664940627877,4,"N","rain","03-Feb-22","14:10","T1","yes","Aberdeen"
39.3,84.4,9.5,6.4,0.222823519184768,3,"W","rain","04-Feb-22","06:55","T2","yes","Aberdeen"
15.4,86.4,7.6,4.8,0.364775451157516,2,"S","none","05-Feb-22","14:10","T1","yes","Aberdeen"
42.7,89.7,8.5,1.6,0.330278827726673,4,"W","snowice","06-Feb-22","14:10","T1","yes","Aberdeen"
42.6,88.6,13.6,-2.7,0.0284953267704599,6,"W","snowice","07-Feb-22","14:10","T1","yes","Aberdeen"
0,80.1,6.1,-8.8,0.946642465659054,1,"E","rain","08-Feb-22","06:55","T1","no","Aberdeen"
0,80,2.3,-2.8,0.161523697673072,7,"S","rain","09-Feb-22","20:15","T2","no","Aberdeen"
0,79.2,2.3,-8.2,0.810768653567521,6,"S","rain","10-Feb-22","20:15","T2","no","Aberdeen"
11.4,71.8,4.6,6.3,0.214867148652595,2,"W","rain","11-Feb-22","06:55","T2","yes","Aberdeen"
39,93.4,11,0.2,0.37659939322474,4,"E","rain","12-Feb-22","14:10","T1","yes","Aberdeen"
21.6,80.1,5.1,7,0.519696237135674,3,"W","rain","13-Feb-22","14:10","T2","yes","Aberdeen"
48.8,92,11.9,12.7,0.00645026135822259,5,"S","none","14-Feb-22","14:10","T1","yes","Aberdeen"
6.1,80.7,1.9,6.1,0.209573333605621,2,"S","rain","15-Feb-22","06:55","T1","yes","Aberdeen"
38.9,86.4,3.8,11.3,0.0569135357453403,6,"S","rain","16-Feb-22","20:15","T1","yes","Aberdeen"
22.8,85.8,6.2,3.7,0.0402091968775123,4,"E","rain","17-Feb-22","06:55","T2","yes","Aberdeen"
5.6,69.9,3.3,16,0.103839029690083,1,"N","rain","18-Feb-22","06:55","T1","yes","Aberdeen"
0,84.6,6.2,6,0.467986737037171,2,"S","none","19-Feb-22","14:10","T1","no","Aberdeen"
0,70.7,0.4,9.5,0.565433395081505,1,"S","none","20-Feb-22","06:55","T2","no","Aberdeen"
8.2,81.5,4.4,6.5,0.524455472529865,3,"S","none","21-Feb-22","14:10","T2","yes","Aberdeen"
0,92.6,0.7,-8.9,0.916636045676746,5,"S","none","22-Feb-22","20:15","T2","no","Aberdeen"
26.9,86.5,5.5,7.8,0.495244041029542,4,"N","rain","23-Feb-22","20:15","T1","yes","Aberdeen"
10.6,83.1,2.7,6.3,0.382112594839142,5,"S","rain","24-Feb-22","20:15","T2","yes","Aberdeen"
0,74.2,3.9,-0.4,0.960356183783323,2,"E","rain","25-Feb-22","20:15","T1","no","Aberdeen"
10.8,83.5,3.8,0.1,0.044028858165276,6,"N","snowice","26-Feb-22","06:55","T2","yes","Aberdeen"
0,74.3,0.7,-2.2,0.820726587917455,3,"S","rain","27-Feb-22","20:15","T2","no","Aberdeen"
46.5,95.2,3.5,5.1,0.263804778765411,9,"S","rain","28-Feb-22","20:15","T2","yes","Aberdeen"
8.3,90.8,7.1,-5.2,0.744625982877106,5,"S","none","01-Mar-22","20:15","T2","yes","Aberdeen"
12.2,90.4,4.1,2.6,0.286518896206015,3,"S","rain","02-Mar-22","06:55","T1","yes","Aberdeen"
0,81.1,2.5,-4.9,0.485970975015419,0,"N","rain","03-Mar-22","06:55","T1","no","Aberdeen"
0,69,2.2,-1.6,0.907126499957813,1,"N","rain","04-Mar-22","14:10","T2","no","Aberdeen"
0,74.7,3.7,-0.9,0.413319163071514,3,"W","snowice","05-Mar-22","14:10","T2","no","Aberdeen"
43,93.3,1.4,13.8,0.345846173964766,5,"N","rain","06-Mar-22","20:15","T2","yes","Aberdeen"
0,83.6,1.8,2.7,0.648141302338413,3,"S","rain","07-Mar-22","14:10","T1","no","Aberdeen"
0,79.9,3.1,-3.7,0.758557327787847,3,"E","rain","08-Mar-22","14:10","T2","no","Aberdeen"
7.8,81,10.3,-1.8,0.58016615970074,2,"W","rain","09-Mar-22","06:55","T2","yes","Aberdeen"
0,71.3,0.2,-5.2,0.996708167459347,0,"S","none","10-Mar-22","14:10","T1","no","Aberdeen"
0,68.9,3.5,15.4,0.179541645819413,2,"S","none","11-Mar-22","14:10","T2","no","Aberdeen"
0,80.4,4.1,1.4,0.796961585089361,1,"S","none","12-Mar-22","06:55","T2","no","Aberdeen"
7.8,90.4,10.7,-6.7,0.759857044976792,5,"E","none","13-Mar-22","20:15","T2","yes","Aberdeen"
51.2,92.3,8.2,-2.9,0.259917057321143,9,"W","snowice","14-Mar-22","20:15","T2","yes","Aberdeen"
0,73.5,1.6,-0.4,0.887074581716342,1,"S","none","15-Mar-22","14:10","T1","no","Aberdeen"
38.8,89.3,4.8,14,0.144593945473301,7,"S","none","16-Mar-22","20:15","T2","yes","Aberdeen"
5.7,78.9,4.3,0.1,0.888006398930769,3,"W","snowice","17-Mar-22","20:15","T1","yes","Aberdeen"
17.6,90,9.8,-1.8,0.145558022232755,6,"E","none","18-Mar-22","14:10","T2","yes","Aberdeen"
0,93.7,0.7,-5.7,0.96590743884082,4,"S","rain","19-Mar-22","20:15","T1","no","Aberdeen"
0,72,2.7,4.4,0.707239947501904,2,"E","rain","20-Mar-22","14:10","T2","no","Aberdeen"
31.6,97.8,8.8,-3.2,0.19747957062771,7,"E","rain","21-Mar-22","14:10","T2","yes","Aberdeen"
12.3,88.2,4.3,1.1,0.644127771497256,5,"N","rain","22-Mar-22","20:15","T2","yes","Aberdeen"
0,79.9,6.6,4.2,0.469669441416918,3,"N","none","23-Mar-22","06:55","T2","no","Aberdeen"
22.1,84.2,3.8,14,0.271814762658842,3,"W","rain","24-Mar-22","06:55","T2","yes","Aberdeen"
0,77.2,0.6,12.4,0.527298938196829,4,"S","none","25-Mar-22","20:15","T2","no","Aberdeen"
0,74.7,2.2,16.7,0.425014253037475,2,"S","none","26-Mar-22","14:10","T1","no","Aberdeen"
0,70,1.6,18.1,0.110737936324084,1,"S","rain","27-Mar-22","06:55","T2","no","Aberdeen"
21.2,86.2,4.7,9,0.116258511676171,6,"N","rain","28-Mar-22","14:10","T1","yes","Aberdeen"
10.7,86.1,11.8,-2,0.535166801534771,5,"E","none","29-Mar-22","20:15","T1","yes","Aberdeen"
0,85.3,2.4,-1,0.708284251992504,2,"S","none","30-Mar-22","06:55","T1","no","Aberdeen"
17.5,91.2,4.7,-3.5,0.20291561907082,9,"E","snowice","31-Mar-22","14:10","T2","yes","Aberdeen"
8.1,85.9,4.4,1.8,0.36134625648282,3,"W","snowice","01-Apr-22","06:55","T1","yes","Aberdeen"
24.1,81.4,3.9,17.3,0.276002801793368,4,"W","rain","02-Apr-22","14:10","T2","yes","Aberdeen"
28.5,93,3.2,9,0.244785142501522,4,"E","rain","03-Apr-22","06:55","T1","yes","Aberdeen"
0,72.8,1.5,18.8,0.149177743216624,2,"S","rain","04-Apr-22","06:55","T1","no","Aberdeen"
0,94.8,2.8,-6.5,0.990598092386066,3,"S","none","05-Apr-22","14:10","T2","no","Aberdeen"
15.4,88.1,0.3,21.5,0.116712834106956,6,"S","none","06-Apr-22","20:15","T2","yes","Aberdeen"
18.6,92.2,3.9,6.4,0.258673697827451,5,"N","rain","07-Apr-22","14:10","T1","yes","Aberdeen"
0,77.3,4.5,5.8,0.618021359712773,3,"W","rain","08-Apr-22","14:10","T2","no","Aberdeen"
8.9,93.3,6.1,2.1,0.791046042388077,3,"N","none","09-Apr-22","14:10","T1","yes","Aberdeen"
16.9,93,16.9,1,0.516777706761612,5,"E","none","10-Apr-22","14:10","T2","yes","Aberdeen"
36.8,102.1,6.1,5.3,0.147727604832685,7,"S","none","11-Apr-22","14:10","T1","yes","Aberdeen"
0,83,3.7,5.5,0.911482542533468,2,"S","none","12-Apr-22","14:10","T2","no","Aberdeen"
0,85.9,2.4,-1.1,0.874854041284556,2,"S","none","13-Apr-22","06:55","T2","no","Aberdeen"
0,83.1,0.1,3.6,0.838437744451466,4,"E","rain","14-Apr-22","20:15","T1","no","Aberdeen"
0,84.7,1.3,-0.6,0.744442295469023,3,"S","none","15-Apr-22","14:10","T1","no","Aberdeen"
0,87,3.1,0.6,0.632797383844886,3,"W","rain","16-Apr-22","06:55","T1","no","Aberdeen"
0,93,2.3,-5.4,0.973458569117223,4,"W","snowice","17-Apr-22","20:15","T1","no","Aberdeen"
16.5,80.4,7.9,5.4,0.727030543705822,1,"W","rain","18-Apr-22","06:55","T1","yes","Aberdeen"
0,84.2,2.7,12.3,0.398960387803212,3,"S","none","19-Apr-22","14:10","T2","no","Aberdeen"
21.8,92.7,9.8,4.4,0.140968788039835,4,"W","none","20-Apr-22","06:55","T1","yes","Aberdeen"
0,78.6,1.2,0,0.986736186600358,3,"N","none","21-Apr-22","20:15","T2","no","Aberdeen"
30.6,94.5,6.5,6.9,0.608156697771776,5,"W","rain","22-Apr-22","14:10","T2","yes","Aberdeen"
5.4,81.4,0.4,15,0.122321243418888,7,"S","rain","23-Apr-22","20:15","T2","yes","Aberdeen"
0,83.5,1.1,3,0.994538986058826,1,"E","rain","24-Apr-22","20:15","T1","no","Aberdeen"
39.6,90.1,6.3,17.7,0.0079484445696292,7,"E","rain","25-Apr-22","06:55","T2","yes","Aberdeen"
16.6,82.5,2.2,18.6,0.856954064094752,4,"E","none","26-Apr-22","20:15","T2","yes","Aberdeen"
11.2,106.5,3.2,-3.2,0.608601462822592,7,"S","none","27-Apr-22","20:15","T1","yes","Aberdeen"
0,86.7,2.5,4.4,0.735794652097079,3,"N","none","28-Apr-22","06:55","T1","no","Aberdeen"
0,82,9,3,0.85008175715767,5,"E","none","29-Apr-22","20:15","T2","no","Aberdeen"
9.8,93.4,6.1,3.7,0.472833925873098,4,"N","none","30-Apr-22","06:55","T1","yes","Aberdeen"
0,78.2,1.1,10.7,0.925298648704151,1,"S","none","01-May-22","14:10","T1","no","Aberdeen"
7.5,69.1,5.2,13.5,0.604828729021805,2,"W","rain","02-May-22","06:55","T2","yes","Aberdeen"
0,86.4,3.8,-2.5,0.920210808850821,6,"N","none","03-May-22","20:15","T2","no","Aberdeen"
34.7,91.3,12.5,11.2,0.252292541084145,7,"E","none","04-May-22","20:15","T2","yes","Aberdeen"
0,81.5,0.8,12.3,0.815165058716293,2,"E","rain","05-May-22","14:10","T2","no","Aberdeen"
0,88.8,4.4,-0.2,0.644555573493888,1,"N","none","06-May-22","06:55","T1","no","Aberdeen"
0,83,1.7,10.2,0.692028984940193,5,"N","none","07-May-22","20:15","T2","no","Aberdeen"
0,85,6.7,-1.4,0.357795488812681,6,"S","none","08-May-22","14:10","T2","no","Aberdeen"
29.9,80.4,4.9,24.1,0.229644114823263,3,"W","rain","09-May-22","14:10","T1","yes","Aberdeen"
0,90.8,1.1,6.1,0.547797254197248,4,"S","none","10-May-22","14:10","T2","no","Aberdeen"
0,90.2,5.5,-4.6,0.882285550096321,4,"S","none","11-May-22","14:10","T2","no","Aberdeen"
49.4,95.1,6.2,11.5,0.547547407170464,7,"W","rain","12-May-22","20:15","T2","yes","Aberdeen"
16.2,90.7,7.1,1.6,0.904081331442677,5,"W","rain","13-May-22","20:15","T2","yes","Aberdeen"
0,78.3,8,13,0.786901218848771,1,"W","none","14-May-22","06:55","T2","no","Aberdeen"
5.1,88,6.2,1.8,0.658975885731829,4,"W","none","15-May-22","14:10","T1","yes","Aberdeen"
9,85.3,5.9,9.6,0.137879225721975,6,"N","none","16-May-22","14:10","T2","yes","Aberdeen"
8,87.6,0.5,14.7,0.0668312909003735,6,"N","rain","17-May-22","06:55","T2","yes","Aberdeen"
23.7,87.3,5.3,15.2,0.865752218013791,2,"W","rain","18-May-22","14:10","T1","yes","Aberdeen"
19.5,88.6,3.9,19.9,0.0679892401620664,5,"N","none","19-May-22","14:10","T1","yes","Aberdeen"
9.1,78.2,3.2,13.9,0.609040566535973,5,"W","rain","20-May-22","20:15","T2","yes","Aberdeen"
14.1,89.5,6.4,15.3,0.901481332688388,2,"W","none","21-May-22","20:15","T1","yes","Aberdeen"
24.4,81.7,2.4,23.2,0.155424925839202,4,"W","rain","22-May-22","14:10","T2","yes","Aberdeen"
0,91.8,2,3.2,0.940519059485636,4,"S","none","23-May-22","20:15","T2","no","Aberdeen"
0,61.5,3.5,22,0.591319395655685,2,"N","none","24-May-22","14:10","T2","no","Aberdeen"
26.4,87.7,3.1,19.6,0.122844010641672,6,"W","rain","25-May-22","14:10","T2","yes","Aberdeen"
8.1,91,1.5,8.4,0.470792820893761,7,"N","rain","26-May-22","20:15","T2","yes","Aberdeen"
0,71.1,1.3,8.1,0.828522562498369,4,"W","rain","27-May-22","14:10","T2","no","Aberdeen"
27.9,86.8,11.9,14.5,0.0466226235184416,5,"W","none","28-May-22","06:55","T1","yes","Aberdeen"
0,96.5,3.4,-1.2,0.703951194307102,6,"S","none","29-May-22","14:10","T1","no","Aberdeen"
0,80.7,1.9,15.7,0.367574972155325,1,"S","none","30-May-22","06:55","T1","no","Aberdeen"
12.2,92.2,9.1,15.3,0.53615031607113,3,"N","none","31-May-22","14:10","T1","yes","Aberdeen"
14.9,95,1.6,5.6,0.722291461952118,7,"W","rain","01-Jun-22","20:15","T2","yes","Aberdeen"
0,76.3,2.6,6.4,0.995764904371298,4,"N","none","02-Jun-22","20:15","T2","no","Aberdeen"
0,92.1,5.4,0.4,0.864062171875045,6,"N","none","03-Jun-22","20:15","T1","no","Aberdeen"
9.7,93.5,1.7,17,0.259143041329555,5,"S","none","04-Jun-22","14:10","T1","yes","Aberdeen"
0,85.4,0.8,9.1,0.900917202941768,0,"S","none","05-Jun-22","06:55","T1","no","Aberdeen"
10.7,101.1,5.9,-1.8,0.222982238748241,7,"E","none","06-Jun-22","06:55","T1","yes","Aberdeen"
0,80.1,0.5,8.2,0.859220705259286,5,"S","none","07-Jun-22","20:15","T2","no","Aberdeen"
7.7,94.5,0.5,3.5,0.897176768220352,8,"W","rain","08-Jun-22","20:15","T2","yes","Aberdeen"
0,82.7,4.5,7.4,0.928847026416672,2,"E","none","09-Jun-22","06:55","T2","no","Aberdeen"
24.8,101.7,6.1,9.1,0.460941256755381,7,"E","none","10-Jun-22","20:15","T1","yes","Aberdeen"
0,98.2,0.7,8.9,0.639785050675822,4,"S","none","11-Jun-22","06:55","T1","no","Aberdeen"
0,84.8,6.5,12,0.598121221836074,2,"E","none","12-Jun-22","06:55","T1","no","Aberdeen"
20.2,94.8,0.9,22.6,0.456052882720312,7,"N","none","13-Jun-22","20:15","T2","yes","Aberdeen"
0,80.6,1.5,9.7,0.780749037936723,3,"S","none","14-Jun-22","14:10","T1","no","Aberdeen"
9.1,87.2,1.9,16.9,0.703387361940851,5,"W","rain","15-Jun-22","20:15","T2","yes","Aberdeen"
6.8,97,0.2,18.8,0.536977687654445,5,"S","none","16-Jun-22","14:10","T1","yes","Aberdeen"
10.9,93.1,4,15.6,0.39105622710262,6,"E","none","17-Jun-22","14:10","T2","yes","Aberdeen"
9.8,97.8,5.1,14,0.674719421168747,2,"W","none","18-Jun-22","06:55","T1","yes","Aberdeen"
10.2,98.7,0.8,14.4,0.603084347088978,7,"N","none","19-Jun-22","14:10","T2","yes","Aberdeen"
0,94.9,0.4,14.9,0.794360342808993,4,"S","none","20-Jun-22","20:15","T1","no","Aberdeen"
7.3,88.8,2.8,14,0.76166836420876,7,"W","none","21-Jun-22","20:15","T2","yes","Aberdeen"
0,71.4,0.4,25.9,0.0991468784066072,4,"W","rain","22-Jun-22","06:55","T1","no","Aberdeen"
0,84.2,1.3,12.8,0.975703130614932,5,"S","none","23-Jun-22","20:15","T2","no","Aberdeen"
7,96.3,6.3,16.2,0.842234524075205,3,"W","none","24-Jun-22","06:55","T1","yes","Aberdeen"
7.5,88.7,2.3,22.2,0.588293888274574,5,"E","none","25-Jun-22","20:15","T2","yes","Aberdeen"
0,93.9,1.2,14.9,0.928086647258227,5,"S","none","26-Jun-22","20:15","T2","no","Aberdeen"
0,87,0.9,18.6,0.895377777728916,2,"W","none","27-Jun-22","06:55","T2","no","Aberdeen"
20.8,95.1,3,23.9,0.272263042495576,6,"W","none","28-Jun-22","14:10","T1","yes","Aberdeen"
0,94.9,0.9,18.2,0.363071956836622,5,"E","none","29-Jun-22","06:55","T1","no","Aberdeen"
0,90.5,1.9,20.2,0.84970539076398,5,"W","none","30-Jun-22","20:15","T2","no","Aberdeen"
0,89,0.3,20.1,0.841604310257671,5,"E","none","01-Jul-22","14:10","T1","no","Aberdeen"
0,93.3,1.4,12.4,0.987368037495703,4,"W","none","02-Jul-22","20:15","T1","no","Aberdeen"
15.1,104,4.4,15.2,0.791359560252506,7,"W","none","03-Jul-22","14:10","T2","yes","Aberdeen"
0,94.1,2.2,18,0.520416584640045,5,"W","none","04-Jul-22","06:55","T1","no","Aberdeen"
39.4,94.1,6.2,25.1,0.639056336305067,7,"W","none","05-Jul-22","20:15","T2","yes","Aberdeen"
0,91.3,1.2,18.9,0.716863992053029,6,"E","none","06-Jul-22","14:10","T2","no","Aberdeen"
7.6,103.6,1.4,15,0.756033505102976,6,"N","none","07-Jul-22","14:10","T1","yes","Aberdeen"
0,97.1,2.5,0.6,0.806074038514504,6,"W","none","08-Jul-22","06:55","T2","no","Aberdeen"
0,81.9,0.8,22.2,0.768084833602929,3,"W","rain","09-Jul-22","14:10","T2","no","Aberdeen"
11.5,114,3.8,-0.3,0.985367812577952,8,"N","none","10-Jul-22","20:15","T2","yes","Aberdeen"
29.9,98,2.7,25.1,0.306965388689558,5,"W","none","11-Jul-22","14:10","T1","yes","Aberdeen"
18.7,93.4,5.3,17.2,0.458178822524414,6,"W","none","12-Jul-22","14:10","T2","yes","Aberdeen"
0,102.7,2.2,8.8,0.597035321929386,5,"N","none","13-Jul-22","06:55","T2","no","Aberdeen"
0,93,0.9,8.8,0.704574965495158,4,"S","none","14-Jul-22","06:55","T1","no","Aberdeen"
8.7,86.2,0.5,17.8,0.704089372016393,5,"W","rain","15-Jul-22","20:15","T2","yes","Aberdeen"
0,91.5,7.3,16.2,0.741738266706219,0,"W","none","16-Jul-22","06:55","T1","no","Aberdeen"
10.4,90.8,3.4,13,0.846093388012971,5,"W","none","17-Jul-22","20:15","T2","yes","Aberdeen"
0,78.7,1.5,16.6,0.576361917891726,4,"W","rain","18-Jul-22","14:10","T2","no","Aberdeen"
12.9,100.1,5.4,11.7,0.513708719425782,4,"E","none","19-Jul-22","06:55","T1","yes","Aberdeen"
0,96.9,2.9,3.7,0.503643066825308,7,"N","none","20-Jul-22","06:55","T2","no","Aberdeen"
10.5,97.5,2.5,11.7,0.495735898029881,8,"S","none","21-Jul-22","20:15","T2","yes","Aberdeen"
0,90.9,0.1,4.2,0.965899470674302,4,"S","none","22-Jul-22","14:10","T2","no","Aberdeen"
17.4,101.3,3,17.4,0.222584149530572,8,"S","none","23-Jul-22","14:10","T2","yes","Aberdeen"
37.8,93.4,4.1,15,0.270530210825622,7,"W","rain","24-Jul-22","14:10","T2","yes","Aberdeen"
0,77.6,1.1,22,0.203773560659974,3,"N","none","25-Jul-22","06:55","T2","no","Aberdeen"
8.7,92.5,10.6,11.2,0.520020194140119,3,"W","none","26-Jul-22","06:55","T2","yes","Aberdeen"
0,78.7,6.7,19.3,0.87180948304224,1,"E","none","27-Jul-22","14:10","T2","no","Aberdeen"
17.5,86.9,5.7,14.7,0.630197608443036,4,"W","rain","28-Jul-22","20:15","T1","yes","Aberdeen"
0,79.1,0.6,11.5,0.963397218607316,2,"W","rain","29-Jul-22","14:10","T1","no","Aberdeen"
0,82.8,3.6,17.7,0.529286015810507,2,"N","none","30-Jul-22","06:55","T1","no","Aberdeen"
0,86.9,5.3,15.8,0.701934312267901,3,"E","none","31-Jul-22","06:55","T2","no","Aberdeen"
0,84.8,0.2,24.8,0.815925900603433,2,"S","none","01-Aug-22","14:10","T1","no","Aberdeen"
11.6,91.2,8.6,9.8,0.548090744891298,3,"W","none","02-Aug-22","06:55","T1","yes","Aberdeen"
0,93.2,0.4,11.4,0.615219545612262,5,"S","none","03-Aug-22","14:10","T2","no","Aberdeen"
5.6,85.5,2,12.6,0.571306700425122,5,"W","rain","04-Aug-22","14:10","T2","yes","Aberdeen"
25.2,100.4,13,-1.4,0.383292067036596,9,"W","none","05-Aug-22","20:15","T2","yes","Aberdeen"
0,90.5,0.3,5.8,0.946318046846379,1,"S","none","06-Aug-22","06:55","T1","no","Aberdeen"
42.9,92.7,9.1,20.2,0.0171023891820805,9,"E","none","07-Aug-22","20:15","T2","yes","Aberdeen"
12.2,95.9,3.4,4.8,0.738497450675422,8,"N","none","08-Aug-22","20:15","T2","yes","Aberdeen"
0,94.2,7.4,-6.8,0.974314527380252,3,"E","none","09-Aug-22","14:10","T1","no","Aberdeen"
6.3,90.7,1.7,8.6,0.819254908107824,6,"N","none","10-Aug-22","20:15","T2","yes","Aberdeen"
0,94.3,1.6,-0.2,0.501697765620629,6,"N","rain","11-Aug-22","06:55","T2","no","Aberdeen"
0,78.8,1.5,22.2,0.835298027094189,1,"E","none","12-Aug-22","14:10","T2","no","Aberdeen"
0,83.5,4.5,4.4,0.925692229251855,3,"W","none","13-Aug-22","20:15","T2","no","Aberdeen"
0,83.5,2.2,15.1,0.884054494275386,4,"N","none","14-Aug-22","20:15","T2","no","Aberdeen"
34.2,107.2,3.7,0.4,0.139757608817379,12,"S","rain","15-Aug-22","20:15","T2","yes","Aberdeen"
5.4,86.1,3.3,14.6,0.953943984071325,3,"N","none","16-Aug-22","20:15","T1","yes","Aberdeen"
13.3,96.6,4.4,7.5,0.112874314629768,6,"S","none","17-Aug-22","06:55","T2","yes","Aberdeen"
12.1,94.8,1.9,15.8,0.184436832225676,5,"S","none","18-Aug-22","14:10","T1","yes","Aberdeen"
0,85,0.5,9.9,0.890635808026237,4,"S","none","19-Aug-22","20:15","T2","no","Aberdeen"
0,84.4,3.5,4,0.963854994820997,2,"S","none","20-Aug-22","14:10","T2","no","Aberdeen"
0,88.4,3.7,9.2,0.539325931857366,4,"S","none","21-Aug-22","14:10","T1","no","Aberdeen"
7.9,88.3,1.4,18.8,0.304970686828772,4,"S","none","22-Aug-22","06:55","T2","yes","Aberdeen"
5.7,103.3,7.4,-6.6,0.9859128654892,2,"W","none","23-Aug-22","06:55","T1","yes","Aberdeen"
24.7,94.8,2.5,8.8,0.520938031103694,6,"W","rain","24-Aug-22","06:55","T2","yes","Aberdeen"
0,89.1,0.6,12.7,0.304147280771473,6,"S","none","25-Aug-22","14:10","T2","no","Aberdeen"
0,79.7,3.5,4.1,0.893511819413127,3,"W","rain","26-Aug-22","14:10","T2","no","Aberdeen"
0,88.6,0.4,8,0.945208151651483,2,"W","rain","27-Aug-22","14:10","T1","no","Aberdeen"
0,79.3,1.2,-1.1,0.610652347043881,3,"S","none","28-Aug-22","06:55","T2","no","Aberdeen"
0,95.9,2.7,-7.8,0.978647898071682,5,"S","none","29-Aug-22","20:15","T2","no","Aberdeen"
0,79.6,1.7,6.3,0.560886222134946,4,"W","rain","30-Aug-22","14:10","T2","no","Aberdeen"
25.3,95.3,3.2,15.4,0.033844312152696,8,"S","none","31-Aug-22","14:10","T2","yes","Aberdeen"
0,77.7,7.9,6,0.555672680824534,5,"S","none","01-Sep-22","20:15","T2","no","Aberdeen"
31.8,87.3,5.5,17.9,0.661857849867709,2,"W","rain","02-Sep-22","14:10","T2","yes","Aberdeen"
0,89.7,8.2,1,0.869214166345159,3,"E","none","03-Sep-22","14:10","T1","no","Aberdeen"
0,94.3,1.7,2,0.833019158493401,4,"S","none","04-Sep-22","14:10","T2","no","Aberdeen"
0,90.6,0.4,2.3,0.975781808253765,1,"N","rain","05-Sep-22","06:55","T1","no","Aberdeen"
0,79.2,5,1.2,0.784647581457739,3,"E","none","06-Sep-22","14:10","T2","no","Aberdeen"
0,78.1,3.5,6.4,0.770332476275508,0,"W","none","07-Sep-22","06:55","T1","no","Aberdeen"
24.2,91.7,1.7,13.7,0.0333104589196065,7,"N","rain","08-Sep-22","06:55","T1","yes","Aberdeen"
43.6,97.3,15.8,3.8,0.161833294016018,6,"W","none","09-Sep-22","14:10","T1","yes","Aberdeen"
0,92.9,1.5,-1.2,0.560987441186389,5,"S","none","10-Sep-22","14:10","T1","no","Aberdeen"
13.2,86,11.5,1.9,0.932336410483855,3,"W","none","11-Sep-22","20:15","T1","yes","Aberdeen"
0,79.7,1.6,4.7,0.749459020021605,4,"W","rain","12-Sep-22","20:15","T2","no","Aberdeen"
8.5,87.9,4.8,9.8,0.784784853723893,2,"E","none","13-Sep-22","14:10","T1","yes","Aberdeen"
5,88.4,2,2.6,0.990394589471376,3,"W","rain","14-Sep-22","20:15","T2","yes","Aberdeen"
0,93.4,4.8,0.4,0.893546207580312,3,"S","none","15-Sep-22","06:55","T2","no","Aberdeen"
28,100.8,2.6,2.4,0.106163024596215,9,"S","rain","16-Sep-22","14:10","T2","yes","Aberdeen"
0,87.6,1.9,-2.2,0.898554240761136,3,"W","snowice","17-Sep-22","14:10","T1","no","Aberdeen"
0,90,8.2,-3.2,0.687516392577422,6,"S","none","18-Sep-22","20:15","T2","no","Aberdeen"
5,78.3,4.8,9,0.793557480210623,3,"W","none","19-Sep-22","14:10","T2","yes","Aberdeen"
0,89.5,4.9,-1.4,0.450903335270417,6,"S","none","20-Sep-22","14:10","T2","no","Aberdeen"
34.9,92.8,9.3,2.2,0.246261580965949,6,"W","rain","21-Sep-22","06:55","T2","yes","Aberdeen"
45.4,93.5,7.8,11.8,0.0201534451883759,9,"N","none","22-Sep-22","20:15","T2","yes","Aberdeen"
0,97.3,8.3,-6,0.182690291550742,5,"S","none","23-Sep-22","06:55","T2","no","Aberdeen"
6.1,96.2,0.3,3.8,0.286541226973948,7,"S","rain","24-Sep-22","14:10","T1","yes","Aberdeen"
0,83.5,0.4,2,0.372920429550351,2,"S","rain","25-Sep-22","06:55","T1","no","Aberdeen"
0,84,0.8,8.2,0.973550486276772,2,"S","none","26-Sep-22","20:15","T2","no","Aberdeen"
0,78.9,3.8,3.4,0.366688194861345,4,"N","none","27-Sep-22","14:10","T1","no","Aberdeen"
31.4,96.2,12.5,-2,0.198932760624679,7,"W","none","28-Sep-22","14:10","T2","yes","Aberdeen"
0,80,0.6,4.4,0.942384424993382,1,"S","none","29-Sep-22","14:10","T1","no","Aberdeen"
9.2,84.7,4.2,5.7,0.284546673588969,5,"E","rain","30-Sep-22","14:10","T2","yes","Aberdeen"
16.3,82.9,1.8,9.6,0.483932732697597,6,"E","rain","01-Oct-22","20:15","T2","yes","Aberdeen"
0,75.5,0.5,9,0.531694842168539,2,"S","rain","02-Oct-22","14:10","T1","no","Aberdeen"
0,75.6,0.8,5.5,0.754929517357261,3,"S","none","03-Oct-22","20:15","T2","no","Aberdeen"
44.4,100.9,8.1,3.2,0.282463682318468,5,"W","rain","04-Oct-22","06:55","T1","yes","Aberdeen"
24.3,90.5,7.6,14.5,0.0867481080878687,2,"N","none","05-Oct-22","06:55","T1","yes","Aberdeen"
21.9,86.1,4.3,2.9,0.506303533965302,8,"W","rain","06-Oct-22","20:15","T2","yes","Aberdeen"
0,86.8,6.9,-0.2,0.721498657917342,3,"N","none","07-Oct-22","14:10","T2","no","Aberdeen"
28.6,82.2,4.7,11.4,0.040549675656731,6,"W","rain","08-Oct-22","14:10","T2","yes","Aberdeen"
0,83.9,1.9,-3,0.858490839027356,3,"W","snowice","09-Oct-22","14:10","T1","no","Aberdeen"
0,71.1,2.4,5.8,0.463416626998724,2,"W","rain","10-Oct-22","06:55","T1","no","Aberdeen"
0,85.7,0.4,0,0.716245447832122,2,"S","none","11-Oct-22","06:55","T1","no","Aberdeen"
23.6,80,3.3,4.4,0.31729589159492,8,"W","rain","12-Oct-22","20:15","T2","yes","Aberdeen"
18.5,96.1,6.4,5.4,0.574917992177551,3,"S","none","13-Oct-22","14:10","T1","yes","Aberdeen"
0,80,6,-0.1,0.241468768859494,5,"N","none","14-Oct-22","14:10","T2","no","Aberdeen"
5.3,78.6,10.7,10.5,0.834498819466113,0,"W","none","15-Oct-22","06:55","T1","yes","Aberdeen"
30,94,3.1,3.6,0.470717152670522,6,"E","rain","16-Oct-22","20:15","T2","yes","Aberdeen"
13.7,87.7,1.8,9.5,0.332436188152792,6,"S","rain","17-Oct-22","20:15","T2","yes","Aberdeen"
12.1,90.2,7.4,2.3,0.711600816262287,4,"S","none","18-Oct-22","20:15","T2","yes","Aberdeen"
0,83.1,1.3,7.6,0.726211838057848,3,"S","none","19-Oct-22","14:10","T2","no","Aberdeen"
16.2,87.8,4.9,6,0.129136457233608,5,"S","rain","20-Oct-22","06:55","T2","yes","Aberdeen"
0,75.7,0.9,1.4,0.975208103112935,1,"N","rain","21-Oct-22","14:10","T2","no","Aberdeen"
19.8,84,12.1,-4.6,0.162109742264019,10,"W","rain","22-Oct-22","20:15","T2","yes","Aberdeen"
29.7,90.7,8.8,7.4,0.395165616297267,3,"E","none","23-Oct-22","06:55","T2","yes","Aberdeen"
43.3,83.5,3.4,21.4,0.19812012093107,3,"W","rain","24-Oct-22","14:10","T1","yes","Aberdeen"
0,72.9,4.1,2.2,0.395797236611111,3,"N","rain","25-Oct-22","14:10","T1","no","Aberdeen"
0,83,12.3,-1.6,0.526042191380597,2,"N","none","26-Oct-22","14:10","T1","no","Aberdeen"
8.5,81.6,7.6,1.8,0.600785640000484,2,"W","rain","27-Oct-22","14:10","T1","yes","Aberdeen"
0,75.2,1.3,11.4,0.519026864375727,2,"N","rain","28-Oct-22","14:10","T1","no","Aberdeen"
19.3,85.1,7,-0.5,0.654845925593876,4,"W","snowice","29-Oct-22","20:15","T2","yes","Aberdeen"
31,97.9,4,-0.1,0.0543480682632382,7,"S","snowice","30-Oct-22","06:55","T2","yes","Aberdeen"
20.7,93.6,6.4,-0.7,0.0422775635334802,8,"S","none","31-Oct-22","14:10","T2","yes","Aberdeen"
37.3,98.3,6.3,2.4,0.219196794709927,5,"N","rain","01-Nov-22","06:55","T2","yes","Aberdeen"
0,75.5,0.7,2.4,0.866002035348596,1,"S","rain","02-Nov-22","14:10","T1","no","Aberdeen"
0,77.5,3.8,1.4,0.908016347663362,2,"W","snowice","03-Nov-22","14:10","T2","no","Aberdeen"
0,74.9,0.9,-7.9,0.854749267021808,3,"N","snowice","04-Nov-22","14:10","T2","no","Aberdeen"
31.9,88.3,1.9,7.4,0.257399514432111,3,"W","rain","05-Nov-22","06:55","T1","yes","Aberdeen"
5.5,78.3,5.5,11.5,0.358644679039211,2,"S","none","06-Nov-22","14:10","T1","yes","Aberdeen"
0,82,3.6,3.6,0.730259469363718,2,"S","none","07-Nov-22","14:10","T1","no","Aberdeen"
60.7,83.4,11.3,13,0.131307548156344,6,"W","rain","08-Nov-22","20:15","T1","yes","Aberdeen"
5.6,76.9,3.8,7.4,0.395801813847742,2,"N","rain","09-Nov-22","14:10","T2","yes","Aberdeen"
21,84.2,1.5,3.8,0.0398475201009036,9,"S","rain","10-Nov-22","20:15","T2","yes","Aberdeen"
7.8,86,3.1,-4,0.803341079035663,6,"S","rain","11-Nov-22","20:15","T2","yes","Aberdeen"
26.9,93.3,6.6,-3.2,0.528147496412434,6,"N","rain","12-Nov-22","20:15","T1","yes","Aberdeen"
6.4,77.2,10.6,-1.4,0.660893729857083,4,"E","none","13-Nov-22","20:15","T2","yes","Aberdeen"
0,77.8,4.4,6,0.645457125464865,1,"N","rain","14-Nov-22","06:55","T1","no","Aberdeen"
13.9,79.5,3.4,0.4,0.549278203896581,4,"W","snowice","15-Nov-22","14:10","T1","yes","Aberdeen"
0,73.4,3.6,6.6,0.312349917857533,1,"S","none","16-Nov-22","06:55","T1","no","Aberdeen"
0,72.2,3.4,-0.4,0.738882270496862,1,"S","none","17-Nov-22","06:55","T1","no","Aberdeen"
7.9,85.5,6.7,1.5,0.256577206493343,2,"S","none","18-Nov-22","06:55","T1","yes","Aberdeen"
89,94.4,4.7,13.7,0.0115826885870668,10,"W","rain","19-Nov-22","20:15","T2","yes","Aberdeen"
17.6,98.4,7.3,-6.4,0.288506453446938,5,"S","rain","20-Nov-22","06:55","T1","yes","Aberdeen"
5.3,83.1,10.8,-6.6,0.935061116879198,2,"W","none","21-Nov-22","14:10","T2","yes","Aberdeen"
20,86.3,8.4,5.1,0.385956918416442,3,"S","none","22-Nov-22","14:10","T1","yes","Aberdeen"
0,77.2,4.3,-4.3,0.958341813892863,3,"E","rain","23-Nov-22","20:15","T2","no","Aberdeen"
0,80.4,2.8,0.8,0.307066940618207,3,"S","rain","24-Nov-22","14:10","T2","no","Aberdeen"
11.4,69.2,2.2,9,0.32554922767934,3,"W","rain","25-Nov-22","14:10","T1","yes","Aberdeen"
0,72.6,2.9,-2.8,0.550723350980237,2,"S","rain","26-Nov-22","14:10","T2","no","Aberdeen"
42.1,82.1,3.6,20.2,0.0386067104658225,3,"N","rain","27-Nov-22","06:55","T2","yes","Aberdeen"
37.2,86.3,4.1,10.6,0.0759541213381904,4,"N","rain","28-Nov-22","06:55","T1","yes","Aberdeen"
0,88,5.3,-8.5,0.88205956680521,1,"S","none","29-Nov-22","06:55","T1","no","Aberdeen"
22.9,76.5,3.6,18.3,0.0749866959487947,1,"E","rain","30-Nov-22","06:55","T1","yes","Aberdeen"
24.5,102.1,14.3,-8.8,0.127424604411863,6,"S","none","01-Dec-22","06:55","T2","yes","Aberdeen"
6.1,72.1,8.5,1.8,0.767106866501128,1,"W","rain","02-Dec-22","14:10","T1","yes","Aberdeen"
6.5,75.1,12.6,-2.7,0.638747068854555,3,"E","none","03-Dec-22","20:15","T2","yes","Aberdeen"
34.3,82.1,1,16.4,0.036059424292888,3,"N","rain","04-Dec-22","06:55","T1","yes","Aberdeen"
13.2,70.4,2.5,15.5,0.0625911794247014,2,"E","rain","05-Dec-22","06:55","T1","yes","Aberdeen"
5.4,81.6,3.1,-4.8,0.870700207033947,2,"E","snowice","06-Dec-22","14:10","T2","yes","Aberdeen"
23.5,72.7,5,7.2,0.0112273873915714,5,"E","rain","07-Dec-22","14:10","T2","yes","Aberdeen"
6.9,82,7.5,-6.9,0.303143707378722,5,"N","rain","08-Dec-22","14:10","T2","yes","Aberdeen"
9.6,75.7,5.3,0.9,0.294911961014309,2,"W","snowice","09-Dec-22","06:55","T2","yes","Aberdeen"
7.4,79.7,4.6,-6.6,0.785885265500262,3,"W","snowice","10-Dec-22","20:15","T2","yes","Aberdeen"
34.7,94.8,4.4,-6.6,0.495063752199776,7,"N","snowice","11-Dec-22","20:15","T2","yes","Aberdeen"
7.5,80.8,4.4,4,0.295561610921066,0,"S","rain","12-Dec-22","06:55","T1","yes","Aberdeen"
0,86,6.1,-6.4,0.284344158786785,2,"S","none","13-Dec-22","06:55","T1","no","Aberdeen"
18.9,82.5,8.2,-3.5,0.354587405893566,2,"W","snowice","14-Dec-22","06:55","T1","yes","Aberdeen"
0,82.9,7.2,-8.2,0.678969874463534,5,"S","none","15-Dec-22","20:15","T2","no","Aberdeen"
38.7,84.1,6.6,2.6,0.392597959584759,2,"W","rain","16-Dec-22","14:10","T1","yes","Aberdeen"
0,75,2.2,-0.5,0.592664501897104,2,"S","rain","17-Dec-22","14:10","T2","no","Aberdeen"
57.1,87.7,17,-1.5,0.248537337935043,3,"W","snowice","18-Dec-22","14:10","T1","yes","Aberdeen"
26.9,81.9,13.4,-5.6,0.131177266159853,6,"E","rain","19-Dec-22","14:10","T2","yes","Aberdeen"
0,72.7,2.4,-4.8,0.238674610310102,5,"S","snowice","20-Dec-22","20:15","T2","no","Aberdeen"
20.8,82,11,-2,0.0790295390136927,5,"S","none","21-Dec-22","14:10","T2","yes","Aberdeen"
16,82.3,3,-2.2,0.115137696437246,7,"S","rain","22-Dec-22","20:15","T2","yes","Aberdeen"
45.6,87.8,9.2,-0.1,0.00164306564927521,3,"N","snowice","23-Dec-22","06:55","T1","yes","Aberdeen"
0,71.7,2.8,-7.5,0.395667922468899,3,"S","snowice","24-Dec-22","14:10","T2","no","Aberdeen"
0,79.8,4.4,-7.1,0.752127959704609,3,"S","rain","25-Dec-22","14:10","T2","no","Aberdeen"
38,87.3,17.6,-8,0.190311373768527,5,"W","rain","26-Dec-22","06:55","T2","yes","Aberdeen"
26.4,90.3,10.1,-5.8,0.943236390285501,0,"N","rain","27-Dec-22","14:10","T1","yes","Aberdeen"
25.7,75.1,8.5,-0.5,0.601886380028866,1,"E","snowice","28-Dec-22","14:10","T1","yes","Aberdeen"
6.9,66.4,4.6,-4.6,0.742281422707189,2,"N","snowice","29-Dec-22","20:15","T2","yes","Aberdeen"
21.4,72,11.2,-3.7,0.0776402577401518,3,"S","rain","30-Dec-22","20:15","T1","yes","Aberdeen"
0,68.2,12.2,-8.9,0.210283941887738,2,"S","rain","31-Dec-22","14:10","T2","no","Aberdeen"
